,Name,Interests
1,Mary Vasquez,"technology, public speaking, healthy eating"
2,Patrick Dahlman,education
3,Randal Davis,"food, education"
4,Pamela Jones,
5,Mari Gonzalez,technology
6,David Gafford,"tennis, fitness, healthy eating"
7,Steven Galeana,"food, studying, tennis, public speaking"
8,Carmen Wynne,"dogs, public speaking, soccer"
9,Sonia Durham,education
10,Mary Cox,"science, tennis, soccer, culture"
11,William Lewis,"travel, public speaking, education"
12,Maria Steele,"food, animals, public speaking"
13,Mary Gingues,"travel, dogs, education, soccer"
14,Rebecca Hepler,"tennis, public speaking"
15,Amber Wooten,science
16,Kristen Morin,studying
17,Vito Hodges,"technology, healthy eating"
18,Charles Mondesir,"studying, travel"
19,Michael Dwyer,tennis
20,Grant Chadwick,"animals, soccer, healthy eating"
21,Christopher Gipson,"science, dogs, soccer, healthy eating"
22,Hazel Neville,"culture, healthy eating"
23,Benjamin Leon,"technology, studying, veganism, soccer"
24,Rachel Taylor,"food, travel, cooking, veganism"
25,Wallace Nyberg,food
26,Micheal Vargas,
27,James Bradley,"studying, education, culture"
28,Javier Johnson,"tennis, soccer, culture"
29,William Shatley,"animals, dogs, public speaking, soccer"
30,Patrick Ponce,veganism
31,Randy Huynh,soccer
32,Maritza Kahola,"science, soccer, healthy eating"
33,Vincent Bland,"food, soccer"
34,Katherine Robinson,veganism
35,Jean Alegre,"science, veganism, education"
36,Erin Stanley,public speaking
37,Tyler Roosa,"food, soccer"
38,June Joseph,"animals, public speaking"
39,Ruben Herring,"tennis, cooking, healthy eating"
40,Sally Phillips,"travel, tennis, education"
41,John Arnaud,soccer
42,Deborah Eastes,"food, public speaking, soccer"
43,Mark Turpin,"food, animals, culture"
44,Lana Forrest,dogs
45,Violet Thomas,"science, tennis, cooking"
46,Jose Pankratz,science
47,Susan Dodd,"science, studying, public speaking, veganism"
48,Julia Rivera,"animals, culture"
49,Todd Veasey,"animals, dogs, cooking, fitness"
50,James Moore,"cooking, soccer, healthy eating"
51,Donald Smart,"veganism, culture"
52,Marguerite Mccoy,animals
53,Garrett Lewis,"studying, veganism, education, healthy eating"
54,Brittany Miller,"studying, tennis"
55,Louise Laramore,dogs
56,Wanda Gross,"food, travel, healthy eating"
57,Tracey Corbett,"tennis, veganism, education, soccer"
58,Donna Folsom,"science, food, animals"
59,Amy Fernandez,
60,Jim Whitehead,"public speaking, healthy eating"
61,Addie Ippolito,dogs
62,Donna Adams,"science, travel, public speaking, soccer"
63,Jack Rennie,"science, cooking, fitness"
64,Antonia Witt,"food, travel, veganism, soccer"
65,Edna Horner,science
66,Deborah Jackson,"science, dogs, public speaking"
67,Roberto Mcnair,"food, public speaking"
68,William Christensen,"food, travel, veganism"
69,Kera Delarosa,"cooking, soccer, healthy eating"
70,Crystal Dukes,technology
71,Dena Brandon,"technology, cooking, education, fitness"
72,Richard Seago,"technology, travel, soccer"
73,Cristi Miller,"science, studying, soccer"
74,Perry North,science
75,Taylor Webster,"travel, dogs"
76,Celia Tucker,"dogs, public speaking, cooking"
77,Michelle Bell,"studying, travel, tennis"
78,Larry Richards,soccer
79,Charles Taylor,healthy eating
80,Oma Aldridge,science
81,Ricky Reeves,science
82,Wanda Perry,fitness
83,Helen Carter,"culture, fitness, healthy eating"
84,Michael Allen,animals
85,Alan Moskowitz,food
86,Mary Carlin,public speaking
87,Lloyd Gabert,"technology, fitness"
88,Kory Jacobs,"animals, culture"
89,Hannah Stiles,"technology, tennis, soccer"
90,Darrell Becker,"tennis, cooking, soccer, healthy eating"
91,Harold Holbert,"science, public speaking, cooking"
92,Steven Taylor,"food, animals"
93,Norbert Hudnell,"animals, fitness"
94,Linda Zettlemoyer,"food, healthy eating"
95,Gerald Travis,"travel, veganism, healthy eating"
96,Carlos Rushing,fitness
97,Michael Bowman,public speaking
98,Cherie Scheuer,"animals, fitness"
99,Lance Spencer,"studying, animals, dogs"
100,Lesley Franich,"animals, travel, dogs"
101,Larry Mcgee,"food, animals"
102,Joyce Batts,"veganism, culture"
103,Kenneth Frye,"food, studying"
104,Henry Landis,"veganism, education, soccer"
105,Kenneth Meyn,"science, animals, fitness"
106,Jeremy Rooney,"science, cooking"
107,Katie Cooper,"science, food, public speaking, veganism"
108,John Rancourt,"studying, fitness"
109,Alma Lema,"animals, travel, education"
110,Stanley Gough,"tennis, education"
111,Linda Weissgerber,"food, veganism, culture, fitness"
112,Arthur Wittmer,"studying, travel, public speaking"
113,Michael Villegas,"soccer, culture, fitness"
114,Timothy Crum,"science, animals, public speaking"
115,Donna Valdovinos,"animals, dogs"
116,Raymond Wander,"science, studying"
117,Jess Avila,"food, culture"
118,Ruth Wilkins,"technology, animals, tennis, dogs"
119,Brady Novak,"public speaking, fitness"
120,Rose Cook,studying
121,Charles Browder,"cooking, soccer"
122,Thomas Shoemaker,culture
123,Michael Newell,"technology, tennis, education, healthy eating"
124,Benny Addison,"science, travel, dogs"
125,Michelle Limerick,"tennis, fitness"
126,Frances Powell,soccer
127,Myrtis Isaacs,"technology, public speaking"
128,Crystal Scott,"food, dogs, fitness"
129,William Paiva,"science, culture"
130,Dona Rivera,"animals, travel, healthy eating"
131,Marie Laflam,"food, studying, public speaking, soccer"
132,Willie Green,"dogs, veganism, culture"
133,Willie Poole,"studying, public speaking"
134,Justin Hooper,"science, veganism, education"
135,Lois Wallen,"public speaking, education, culture"
136,Eleanor Reyes,"science, tennis, education"
137,Carmen Sander,"food, travel, culture"
138,Timothy Martin,"food, education, culture"
139,Jeffery Zerbe,"dogs, public speaking"
140,Belle Walks,"technology, food, studying, tennis"
141,Maxine Wilson,"technology, science, tennis, culture"
142,Robert Sommer,"cooking, education"
143,Sharon Lindsey,"dogs, public speaking, fitness"
144,Gary Hines,"food, animals, cooking"
145,Alice Oh,"technology, food, cooking"
146,Thomas Wickman,"cooking, culture, fitness"
147,Shirley Peredo,tennis
148,Dawn Marr,travel
149,Dayna Walton,"veganism, education, soccer, healthy eating"
150,Bruce Porter,education
151,Douglas Colon,veganism
152,Melvin Wright,"food, studying, travel"
153,Anthony Doty,soccer
154,Jerrie Criswell,"science, food, veganism, education"
155,Cynthia Cannon,public speaking
156,Kathy Johnson,"technology, education"
157,Oscar Gilman,"studying, tennis, cooking, culture"
158,Robert King,"animals, public speaking, veganism, education"
159,Leonard Lavigne,"cooking, healthy eating"
160,Anne Carlson,travel
161,Berry Prosper,animals
162,Susan Homes,"travel, soccer"
163,Orlando Sapp,"food, travel, cooking, education"
164,Clifford Hebert,"animals, travel"
165,Harold Miller,"cooking, soccer"
166,Ila Buck,"studying, soccer"
167,Ida Cantu,"food, public speaking, healthy eating"
168,Antonia Pereira,"public speaking, healthy eating"
169,Tara Johnson,"science, public speaking, culture, fitness"
170,Gabriel Chauvin,"studying, soccer, culture, healthy eating"
171,Jose Suiter,"cooking, education, soccer, fitness"
172,Nicholas Nickerson,"technology, education, fitness, healthy eating"
173,Lydia Page,"science, public speaking, education, healthy eating"
174,David Pujols,veganism
175,Anita Gilliam,"studying, cooking, culture, fitness"
176,Maria Simpson,science
177,Maria Kim,"science, education"
178,Terry Huang,"veganism, fitness"
179,Edwin Raley,fitness
180,Madeline Schleich,"animals, public speaking, veganism"
181,Sun Edwards,"veganism, soccer"
182,Helen Tuttle,"technology, studying, tennis, veganism"
183,Brain Duckworth,"animals, soccer, culture, healthy eating"
184,Kerry Flores,"animals, cooking"
185,Mabel Randall,"technology, science, education"
186,Raymond Clowney,"technology, public speaking, cooking"
187,Mark Nettles,"dogs, education"
188,Winnie Bonita,"travel, healthy eating"
189,Gary Hill,
190,Diane Hall,tennis
191,Justin Tam,healthy eating
192,Norma George,dogs
193,Elida Jordon,technology
194,Daniel Gray,soccer
195,William Taylor,"technology, science, tennis"
196,Michele Calloway,"animals, soccer"
197,Eva Lollar,"science, food, cooking, veganism"
198,Hazel Eisenhauer,"public speaking, education, soccer, fitness"
199,Minnie Summerlin,education
200,Dirk Fletcher,"dogs, cooking, fitness"
201,Margaret Spiro,"dogs, education"
202,Gilbert Griffin,"science, public speaking, culture"
203,Deanna Craig,"studying, animals, cooking"
204,Jo Pearson,"public speaking, culture"
205,Raymond Schmidt,"technology, tennis, public speaking, cooking"
206,Kenneth Elder,"soccer, culture"
207,Walter Lund,"studying, culture, fitness, healthy eating"
208,Jackie Jones,"travel, veganism, fitness"
209,Kathryn Lowery,veganism
210,Billy Alberts,studying
211,Rita Jones,"science, veganism"
212,Paul Wiese,"technology, animals, soccer"
213,Dennis Salazar,cooking
214,James Pao,
215,Chester Smith,"science, tennis, public speaking, veganism"
216,Jessica Gray,"studying, animals, public speaking, cooking"
217,Thomas Goehner,"studying, veganism"
218,Kristina Pruett,"animals, fitness"
219,Cordelia Reny,"travel, soccer"
220,Mary Hamby,"studying, public speaking"
221,Doris Jenkins,"science, veganism"
222,Stacy Parker,animals
223,Benjamin Baker,"technology, veganism, fitness"
224,Billie Frank,"technology, food, dogs, soccer"
225,Richard Smith,travel
226,Victor Chapmon,"education, culture"
227,Bonnie Castillo,"studying, dogs, public speaking"
228,Meagan Starr,"science, healthy eating"
229,Joyce Sanders,"travel, cooking"
230,David Watkins,"food, studying, tennis, soccer"
231,Sommer Battles,"food, tennis, cooking, fitness"
232,Juanita Williams,"science, education"
233,Kristi Mccarthy,"technology, veganism, culture"
234,Leroy Whitmore,"science, animals, education"
235,Myrtis Clark,cooking
236,Robert Bijou,"animals, tennis, fitness, healthy eating"
237,Anthony Keil,studying
238,Jacob Mcwhite,"fitness, healthy eating"
239,James Rowley,cooking
240,Michael Deltoro,"food, culture"
241,Mary Stassi,"veganism, healthy eating"
242,Michael Beasley,"food, dogs, veganism"
243,Ruth Palmer,dogs
244,Alan Rice,"technology, dogs, cooking, veganism"
245,Marion Stecklein,soccer
246,Christopher Mitchell,"public speaking, fitness"
247,Kim Ruiz,"studying, animals, public speaking, education"
248,Maryann Gillis,food
249,Julio Tiano,public speaking
250,Johnny Nghe,fitness
251,Anne Davies,"studying, soccer"
252,Andrea Fay,education
253,Tara Cruz,public speaking
254,Zoe Smith,"travel, dogs, veganism, soccer"
255,Ruth Nemoede,science
256,Daryl Owens,"studying, healthy eating"
257,Charles Tanimoto,"soccer, culture"
258,Hazel Andrade,studying
259,Elisabeth Stewart,"tennis, cooking"
260,Paula Gookin,food
261,Shirley Riggan,
262,Judy Cobbley,soccer
263,Sandra Gutierrez,"studying, dogs"
264,Gregory Snow,tennis
265,Benita Brady,"science, studying, cooking, culture"
266,Mark Henderson,"tennis, cooking, veganism"
267,Alexander Danker,"culture, healthy eating"
268,Jerry Keeton,"dogs, veganism, soccer"
269,Barbara Porter,"studying, tennis, cooking"
270,Michelle Phillips,"science, animals, travel, public speaking"
271,Dinah Kelly,"animals, veganism, education"
272,Shela Phifer,"dogs, public speaking, veganism, culture"
273,Dwight Jefferson,"science, public speaking, veganism, healthy eating"
274,Amanda Price,"science, public speaking, education, culture"
275,Ruth Noriega,"studying, public speaking"
276,Elizabeth Holmes,"animals, soccer"
277,Daryl Mero,"tennis, veganism"
278,James Manske,"science, tennis"
279,Cory Porter,"dogs, public speaking"
280,Joseph Mills,"veganism, soccer, fitness, healthy eating"
281,Amalia Young,"education, culture"
282,Juan Martel,"science, soccer"
283,Kari Jones,"studying, tennis"
284,Diane Martinez,food
285,Robert Holt,"technology, food, education"
286,Bill Nopper,"technology, travel, dogs"
287,Matthew Henning,"cooking, soccer, fitness, healthy eating"
288,Alan Rodriguez,"technology, food, studying, fitness"
289,Margaret Williams,"food, animals, healthy eating"
290,Frank Waggoner,"studying, tennis"
291,Ann Jarvi,"animals, veganism, healthy eating"
292,George William,"studying, public speaking"
293,Rosalee Jacinto,healthy eating
294,William Haynes,"dogs, soccer"
295,Peter Moree,"dogs, veganism, fitness"
296,James King,"animals, travel, culture, fitness"
297,Gilbert Faire,"travel, tennis"
298,Kathryn Henderson,"technology, cooking, fitness"
299,John Neal,public speaking
300,Mario Phelps,animals
301,Robert Ung,veganism
302,Linda Mcclurg,"technology, science, food, cooking"
303,Karen Rios,"technology, science, cooking"
304,William Schoen,"science, veganism"
305,Cordelia King,"technology, travel, cooking, culture"
306,Krystal Pauling,"food, studying, dogs, public speaking"
307,Rebecca Morrison,tennis
308,Jennifer Mcintosh,"travel, healthy eating"
309,Rudolph Villena,public speaking
310,Harlan Ford,"dogs, veganism, education, culture"
311,Fae Bush,"travel, culture"
312,Russell Morris,"studying, healthy eating"
313,Laverne Jones,"food, travel, healthy eating"
314,Mary Judge,"studying, education, culture"
315,Laura Walker,"science, food, culture, healthy eating"
316,Suzanne Campbell,"food, education, culture, healthy eating"
317,Matthew Brown,"food, travel, soccer, healthy eating"
318,William Cunningham,travel
319,Helen Shull,"technology, education, soccer"
320,Myles Davis,"dogs, fitness"
321,Gavin Anderson,"food, soccer, healthy eating"
322,Bessie Mcintyre,education
323,Brian Collins,"animals, dogs"
324,Jaymie Hastings,"technology, animals"
325,Angela Ivie,"travel, cooking"
326,Everett Vance,"food, soccer, healthy eating"
327,Marie Carrizales,food
328,Helen Barette,"studying, cooking"
329,Oscar Murphy,"food, tennis"
330,Jennifer Bjorkman,animals
331,John Bayly,"studying, travel"
332,Jeanie Kirn,"technology, food, soccer, healthy eating"
333,Mozelle Alligood,"technology, public speaking, healthy eating"
334,Michael Kenoyer,"technology, food"
335,George Hope,"technology, cooking, fitness"
336,Irene Marrow,"food, tennis, healthy eating"
337,Johnnie Root,"technology, public speaking, culture"
338,Erin Carroll,"food, public speaking, cooking"
339,Timothy Call,"animals, travel, public speaking"
340,Angela Dunn,veganism
341,Richard Uhlig,"dogs, education"
342,Patricia Brown,"travel, veganism"
343,Henry Mester,"science, animals, education"
344,Elvin Gehrke,tennis
345,Daniel Ibara,science
346,Sheila Liberty,"tennis, veganism, culture, fitness"
347,Elaine Brown,"food, tennis"
348,April Bitner,"studying, public speaking"
349,Carlos Cobb,education
350,Lee Horn,"food, soccer"
351,Lisa Kreiter,public speaking
352,Jeffery Pedrick,"technology, science, education, healthy eating"
353,Phillip Johnson,fitness
354,Matthew Perkins,"science, animals, dogs, cooking"
355,Jamie Thomas,"science, public speaking, veganism"
356,Albert Rutherford,"education, culture, healthy eating"
357,John Emery,"animals, veganism"
358,Stacey Fritz,"studying, animals, cooking, fitness"
359,Susan Hopp,"animals, culture, healthy eating"
360,Robert Watkins,"technology, travel, tennis"
361,Crystal Nilson,"dogs, education, soccer"
362,Robert Marco,"cooking, culture"
363,Elizabeth Reinwald,food
364,Jenny Young,technology
365,Gerald Cager,"tennis, cooking"
366,Christa Thomas,travel
367,Alma West,soccer
368,Jose Hughes,cooking
369,Eva Fontenot,"science, public speaking, healthy eating"
370,Peter Oliver,science
371,Noah Guilliam,"studying, public speaking"
372,Natasha Hazelwood,"technology, public speaking, veganism, fitness"
373,Deborah Nealy,travel
374,Kecia Jensen,"animals, travel, cooking"
375,Oliver Kirby,"food, veganism, education"
376,Ellen Gustafson,technology
377,Carolyn Gonzalez,"animals, tennis, education"
378,Evelina Pena,veganism
379,Judy Bailey,food
380,Lawrence Hall,"food, tennis, education"
381,Robert Carrillo,"education, soccer, culture, fitness"
382,Ernestine Tart,"cooking, culture, healthy eating"
383,Manuel Powell,
384,Jordan Cloe,"veganism, education, soccer"
385,Rhoda Thomas,"food, dogs"
386,Laura Rodriguez,"studying, education"
387,Darlene Kovacs,"travel, dogs"
388,Wayne Calabrese,"food, fitness"
389,Jason Meehleder,"science, cooking, culture, fitness"
390,Gary Scott,"food, tennis"
391,Doyle Miller,animals
392,Michael Deering,tennis
393,Yen Bruton,"science, studying, culture"
394,Lee Francis,"tennis, veganism"
395,Sarah Alexander,"animals, tennis, public speaking"
396,Ruth Ortega,fitness
397,Dewey Sibley,"dogs, public speaking, cooking, culture"
398,Rhoda Lopez,"science, studying, animals, travel"
399,Reta Brown,"culture, healthy eating"
400,Martha Heaps,"science, education"
